"File","Title","Composer"
"11.ogg","Eleven","C418"
"a_familiar_room.ogg","A Familiar Room","C418"
"aerie.ogg","Aerie","Lena Raine"
"credits.ogg","Alpha","C418"
"an_ordinary_day.ogg","An Ordinary Day","Kumi Tanioka"
"ancestry.ogg","Ancestry","Lena Raine"
"creative4.ogg","Aria Math","C418"
"axolotl.ogg","Axolotl","C418"
"nether4.ogg","Ballad of the Cats","C418"
"menu3.ogg","Beginning 2","C418"
"creative1.ogg","Biome Fest","C418"
"creative2.ogg","Blind Spots","C418"
"blocks.ogg","Blocks","C418"
"boss.ogg","Boss","C418"
"bromeliad.ogg","Bromeliad","C418"
"cat.ogg","Cat","C418"
"chirp.ogg","Chirp","C418"
"chrysopoeia.ogg","Chrysopoeia","Lena Raine"
"calm2.ogg","Clark","C418"
"comforting_memories.ogg","Comforting Memories","Kumi Tanioka"
"nether1.ogg","Concrete Halls","C418"
"crescent_dunes.ogg","Crescent Dunes","C418"
"hal4.ogg","Danny","C418"
"nether2.ogg","Dead Voxel","C418"
"dragon_fish.ogg","Dragon Fish","C418"
"creative5.ogg","Dreiton","C418"
"piano1.ogg","Dry Hands","C418"
"echo_in_the_wind.ogg","Echo in the Wind","C418"
"far.ogg","Far","C418"
"firebugs.ogg","Firebugs","Lena Raine"
"5.ogg","Five","Samuel Åberg"
"floating_dream.ogg","Floating Dream","Kumi Tanioka"
"menu4.ogg","Floating Trees","C418"
"hal3.ogg","Haggstrom","C418"
"creative3.ogg","Haunt Muskie","C418"
"infinite_amethyst.ogg","Infinite Amethyst","Lena Raine"
"nuance1.ogg","Key","C418"
"labyrinthine.ogg","Labyrinthine","Lena Raine"
"left_to_bloom.ogg","Left to Bloom","Lena Raine"
"hal2.ogg","Living Mice","C418"
"mall.ogg","Mall","C418"
"mellohi.ogg","Mellohi","C418"
"piano3.ogg","Mice on Venus","C418"
"calm1.ogg","Minecraft","C418"
"menu2.ogg","Moog City 2","C418"
"menu1.ogg","Mutation","C418"
"one_more_day.ogg","One More Day","Lena Raine"
"otherside.ogg","otherside","Lena Raine"
"nuance2.ogg","Oxygène","C418"
"pigstep.ogg","Pigstep - Mono Mix","Lena Raine"
"relic.ogg","Relic","Aaron Cherof"
"rubedo.ogg","Rubedo","Lena Raine"
"shuniji.ogg","Shuniji","C418"
"so_below.ogg","So Below","Lena Raine"
"stal.ogg","Stal","C418"
"stand_tall.ogg","Stand Tall","Lena Raine"
"strad.ogg","Strad","C418"
"hal1.ogg","Subwoofer Lullaby","C418"
"calm3.ogg","Sweden","C418"
"creative6.ogg","Taswell","C418"
"end.ogg","The End","C418"
"13.ogg","Thirteen","C418"
"wait.ogg","Wait","C418"
"ward.ogg","Ward","C418"
"nether3.ogg","Warmth","C418"
"wending.ogg","Wending","Lena Raine"
"piano2.ogg","Wet Hands","C418"
